INSERT INTO MYUSER (uuid, username, first_name, last_name, email, hashpass, type) values ('UUID_1', 'Username_1', 'FirstName_1', 'LastName_1', 'email1@email.com', '$2a$10$tAX7ii19/WRgVN5JeWpZS.XubPUZ6uPmCBW5LzLWe8rUGvZDsyL2K', 'freelancer');
INSERT INTO MYUSER (uuid, username, first_name, last_name, email, hashpass, type) values ('UUID_2', 'Username_2', 'FirstName_2', 'LastName_2', 'email2@email.com', '$2a$10$tAX7ii19/WRgVN5JeWpZS.XubPUZ6uPmCBW5LzLWe8rUGvZDsyL2K', 'freelancer');
INSERT INTO MYUSER (uuid, username, first_name, last_name, email, hashpass, type) values ('UUID_3', 'Username_3', 'FirstName_3', 'LastName_3', 'email3@email.com', '$2a$10$tAX7ii19/WRgVN5JeWpZS.XubPUZ6uPmCBW5LzLWe8rUGvZDsyL2K', 'freelancer');
INSERT INTO MYUSER (uuid, username, first_name, last_name, email, hashpass, type) values ('UUID_4', 'Username_4', 'FirstName_4', 'LastName_4', 'email4@email.com', '$2a$10$tAX7ii19/WRgVN5JeWpZS.XubPUZ6uPmCBW5LzLWe8rUGvZDsyL2K', 'freelancer');
INSERT INTO MYUSER (uuid, username, first_name, last_name, email, hashpass, type) values ('UUID_5', 'Username_5', 'FirstName_5', 'LastName_5', 'email5@email.com', '$2a$10$tAX7ii19/WRgVN5JeWpZS.XubPUZ6uPmCBW5LzLWe8rUGvZDsyL2K', 'freelancer');

INSERT INTO MYUSER (uuid, username, first_name, last_name, email, hashpass, type) values ('UUID_6', 'Username_6', 'FirstName_6', 'LastName_6', 'email6@email.com', '$2a$10$tAX7ii19/WRgVN5JeWpZS.XubPUZ6uPmCBW5LzLWe8rUGvZDsyL2K', 'investor');
INSERT INTO MYUSER (uuid, username, first_name, last_name, email, hashpass, type) values ('UUID_7', 'Username_7', 'FirstName_7', 'LastName_7', 'email7@email.com', '$2a$10$tAX7ii19/WRgVN5JeWpZS.XubPUZ6uPmCBW5LzLWe8rUGvZDsyL2K', 'investor');
INSERT INTO MYUSER (uuid, username, first_name, last_name, email, hashpass, type) values ('UUID_8', 'Username_8', 'FirstName_8', 'LastName_8', 'email8@email.com', '$2a$10$tAX7ii19/WRgVN5JeWpZS.XubPUZ6uPmCBW5LzLWe8rUGvZDsyL2K', 'investor');
INSERT INTO MYUSER (uuid, username, first_name, last_name, email, hashpass, type) values ('UUID_9', 'Username_9', 'FirstName_9', 'LastName_9', 'email9@email.com', '$2a$10$tAX7ii19/WRgVN5JeWpZS.XubPUZ6uPmCBW5LzLWe8rUGvZDsyL2K', 'investor');
INSERT INTO MYUSER (uuid, username, first_name, last_name, email, hashpass, type) values ('UUID_10', 'Username_10', 'FirstName_10', 'LastName_10', 'email10@email.com', '$2a$10$tAX7ii19/WRgVN5JeWpZS.XubPUZ6uPmCBW5LzLWe8rUGvZDsyL2K', 'investor');

INSERT INTO MYUSER (uuid, username, first_name, last_name, email, hashpass, type) values ('UUID_11', 'Username_11', 'FirstName_11', 'LastName_11', 'email11@email.com', '$2a$10$tAX7ii19/WRgVN5JeWpZS.XubPUZ6uPmCBW5LzLWe8rUGvZDsyL2K', 'entrepreneur');
INSERT INTO MYUSER (uuid, username, first_name, last_name, email, hashpass, type) values ('UUID_12', 'Username_12', 'FirstName_12', 'LastName_12', 'email12@email.com', '$2a$10$tAX7ii19/WRgVN5JeWpZS.XubPUZ6uPmCBW5LzLWe8rUGvZDsyL2K', 'entrepreneur');
INSERT INTO MYUSER (uuid, username, first_name, last_name, email, hashpass, type) values ('UUID_13', 'Username_13', 'FirstName_13', 'LastName_13', 'email13@email.com', '$2a$10$tAX7ii19/WRgVN5JeWpZS.XubPUZ6uPmCBW5LzLWe8rUGvZDsyL2K', 'entrepreneur');
INSERT INTO MYUSER (uuid, username, first_name, last_name, email, hashpass, type) values ('UUID_14', 'Username_14', 'FirstName_14', 'LastName_14', 'email14@email.com', '$2a$10$tAX7ii19/WRgVN5JeWpZS.XubPUZ6uPmCBW5LzLWe8rUGvZDsyL2K', 'entrepreneur');
INSERT INTO MYUSER (uuid, username, first_name, last_name, email, hashpass, type) values ('UUID_15', 'Username_15', 'FirstName_15', 'LastName_15', 'email15@email.com', '$2a$10$tAX7ii19/WRgVN5JeWpZS.XubPUZ6uPmCBW5LzLWe8rUGvZDsyL2K', 'entrepreneur');

INSERT INTO ENTREPRENEUR (uuid, phone_number, domain, linkedin_link) values ('UUID_11', '1234567890', 'Domain_1', 'LinkedinLink_11');
INSERT INTO ENTREPRENEUR (uuid, phone_number, Domain, Linkedin_link) values ('UUID_12', '1234567890', 'Domain_2', 'LinkedinLink_12');
INSERT INTO ENTREPRENEUR (uuid, phone_number, Domain, Linkedin_link) values ('UUID_13', '1234567890', 'Domain_3', 'LinkedinLink_13');
INSERT INTO ENTREPRENEUR (uuid, phone_number, Domain, Linkedin_link) values ('UUID_14', '1234567890', 'Domain_4', 'LinkedinLink_14');
INSERT INTO ENTREPRENEUR (uuid, phone_number, Domain, Linkedin_link) values ('UUID_15', '1234567890', 'Domain_5', 'LinkedinLink_15');

INSERT INTO EDUCATION (uuid, institution, degree, major, year_of_completion) values ('UUID_1', 'Institution_1', 'Degree_1', 'Major_1', 'YearOfCompletion_1');
INSERT INTO EDUCATION (uuid, institution, degree, major, year_of_completion) values ('UUID_2', 'Institution_2', 'Degree_2', 'Major_2', 'YearOfCompletion_2');
INSERT INTO EDUCATION (uuid, institution, degree, major, year_of_completion) values ('UUID_3', 'Institution_3', 'Degree_3', 'Major_3', 'YearOfCompletion_3');
INSERT INTO EDUCATION (uuid, institution, degree, major, year_of_completion) values ('UUID_4', 'Institution_4', 'Degree_4', 'Major_4', 'YearOfCompletion_4');
INSERT INTO EDUCATION (uuid, institution, degree, major, year_of_completion) values ('UUID_5', 'Institution_5', 'Degree_5', 'Major_5', 'YearOfCompletion_5');
INSERT INTO EDUCATION (uuid, institution, degree, major, year_of_completion) values ('UUID_6', 'Institution_6', 'Degree_6', 'Major_6', 'YearOfCompletion_6');
INSERT INTO EDUCATION (uuid, institution, degree, major, year_of_completion) values ('UUID_7', 'Institution_7', 'Degree_7', 'Major_7', 'YearOfCompletion_7');
INSERT INTO EDUCATION (uuid, institution, degree, major, year_of_completion) values ('UUID_8', 'Institution_8', 'Degree_8', 'Major_8', 'YearOfCompletion_8');
INSERT INTO EDUCATION (uuid, institution, degree, major, year_of_completion) values ('UUID_9', 'Institution_9', 'Degree_9', 'Major_9', 'YearOfCompletion_9');
INSERT INTO EDUCATION (uuid, institution, degree, major, year_of_completion) values ('UUID_10', 'Institution_10', 'Degree_10', 'Major_10', 'YearOfCompletion_10');
INSERT INTO EDUCATION (uuid, institution, degree, major, year_of_completion) values ('UUID_11', 'Institution_11', 'Degree_11', 'Major_11', 'YearOfCompletion_11');
INSERT INTO EDUCATION (uuid, institution, degree, major, year_of_completion) values ('UUID_12', 'Institution_12', 'Degree_12', 'Major_12', 'YearOfCompletion_12');
INSERT INTO EDUCATION (uuid, institution, degree, major, year_of_completion) values ('UUID_13', 'Institution_13', 'Degree_13', 'Major_13', 'YearOfCompletion_13');
INSERT INTO EDUCATION (uuid, institution, degree, major, year_of_completion) values ('UUID_14', 'Institution_14', 'Degree_14', 'Major_14', 'YearOfCompletion_14');
INSERT INTO EDUCATION (uuid, institution, degree, major, year_of_completion) values ('UUID_15', 'Institution_15', 'Degree_15', 'Major_15', 'YearOfCompletion_15');

INSERT INTO WORK_EXPERIENCE (uuid, work_experience) values ('UUID_1', 'WorkExperience_1');
INSERT INTO WORK_EXPERIENCE (uuid, work_experience) values ('UUID_2', 'WorkExperience_2');
INSERT INTO WORK_EXPERIENCE (uuid, work_experience) values ('UUID_3', 'WorkExperience_3');
INSERT INTO WORK_EXPERIENCE (uuid, work_experience) values ('UUID_4', 'WorkExperience_4');
INSERT INTO WORK_EXPERIENCE (uuid, work_experience) values ('UUID_5', 'WorkExperience_5');
INSERT INTO WORK_EXPERIENCE (uuid, work_experience) values ('UUID_6', 'WorkExperience_6');
INSERT INTO WORK_EXPERIENCE (uuid, work_experience) values ('UUID_7', 'WorkExperience_7');
INSERT INTO WORK_EXPERIENCE (uuid, work_experience) values ('UUID_8', 'WorkExperience_8');
INSERT INTO WORK_EXPERIENCE (uuid, work_experience) values ('UUID_9', 'WorkExperience_9');
INSERT INTO WORK_EXPERIENCE (uuid, work_experience) values ('UUID_10', 'WorkExperience_10');
INSERT INTO WORK_EXPERIENCE (uuid, work_experience) values ('UUID_11', 'WorkExperience_11');
INSERT INTO WORK_EXPERIENCE (uuid, work_experience) values ('UUID_12', 'WorkExperience_12');
INSERT INTO WORK_EXPERIENCE (uuid, work_experience) values ('UUID_13', 'WorkExperience_13');
INSERT INTO WORK_EXPERIENCE (uuid, work_experience) values ('UUID_14', 'WorkExperience_14');
INSERT INTO WORK_EXPERIENCE (uuid, work_experience) values ('UUID_15', 'WorkExperience_15');

INSERT INTO COMPANY (uuid, company_name, is_registered, stakeholder, company_size, funding_status, equity_offered, assets, open_to_negotiations, profits_in_last_FY, pitch) values ('UUID_11', 'CompanyName_1', 'IsRegistered_1', 'Stakeholder_1', 'CompanySize_1', 'Seed', 'EquityOffered_1', 'Assets_1', 'OpenToNegotiations_1', 'ProfitsInLastFY_1', 'Pitch_1');
INSERT INTO COMPANY (uuid, company_name, is_registered, stakeholder, company_size, funding_status, equity_offered, assets, open_to_negotiations, profits_in_last_FY, pitch) values ('UUID_12', 'CompanyName_2', 'IsRegistered_2', 'Stakeholder_2', 'CompanySize_2', 'Series A', 'EquityOffered_2', 'Assets_2', 'OpenToNegotiations_2', 'ProfitsInLastFY_2', 'Pitch_2');
INSERT INTO COMPANY (uuid, company_name, is_registered, stakeholder, company_size, funding_status, equity_offered, assets, open_to_negotiations, profits_in_last_FY, pitch) values ('UUID_13', 'CompanyName_3', 'IsRegistered_3', 'Stakeholder_3', 'CompanySize_3', 'Series B', 'EquityOffered_3', 'Assets_3', 'OpenToNegotiations_3', 'ProfitsInLastFY_3', 'Pitch_3');
INSERT INTO COMPANY (uuid, company_name, is_registered, stakeholder, company_size, funding_status, equity_offered, assets, open_to_negotiations, profits_in_last_FY, pitch) values ('UUID_14', 'CompanyName_4', 'IsRegistered_4', 'Stakeholder_4', 'CompanySize_4', 'Series C', 'EquityOffered_4', 'Assets_4', 'OpenToNegotiations_4', 'ProfitsInLastFY_4', 'Pitch_4');
INSERT INTO COMPANY (uuid, company_name, is_registered, stakeholder, company_size, funding_status, equity_offered, assets, open_to_negotiations, profits_in_last_FY, pitch) values ('UUID_15', 'CompanyName_5', 'IsRegistered_5', 'Stakeholder_5', 'CompanySize_5', 'Public', 'EquityOffered_5', 'Assets_5', 'OpenToNegotiations_5', 'ProfitsInLastFY_5', 'Pitch_5');

INSERT INTO FREELANCER (uuid, phone_number, skills, linkedin_link) values ('UUID_1', '1234567890', 'Skills_1', 'LinkedinLink_1');
INSERT INTO FREELANCER (uuid, phone_number, skills, linkedin_link) values ('UUID_2', '1234567890', 'Skills_2', 'LinkedinLink_2');
INSERT INTO FREELANCER (uuid, phone_number, skills, linkedin_link) values ('UUID_3', '1234567890', 'Skills_3', 'LinkedinLink_3');
INSERT INTO FREELANCER (uuid, phone_number, skills, linkedin_link) values ('UUID_4', '1234567890', 'Skills_4', 'LinkedinLink_4');
INSERT INTO FREELANCER (uuid, phone_number, skills, linkedin_link) values ('UUID_5', '1234567890', 'Skills_5', 'LinkedinLink_5');

INSERT INTO INVESTOR (uuid, phone_number, domain, funding_available, brands_built, linkedin_link) values ('UUID_6', '1234567890', 'Domain_6', 'FundingAvailable_1', 'BrandsBuilt_1', 'LinkedinLink_6');
INSERT INTO INVESTOR (uuid, phone_number, domain, funding_available, brands_built, linkedin_link) values ('UUID_7', '1234567890', 'Domain_7', 'FundingAvailable_2', 'BrandsBuilt_2', 'LinkedinLink_7');
INSERT INTO INVESTOR (uuid, phone_number, domain, funding_available, brands_built, linkedin_link) values ('UUID_8', '1234567890', 'Domain_8', 'FundingAvailable_3', 'BrandsBuilt_3', 'LinkedinLink_8');
INSERT INTO INVESTOR (uuid, phone_number, domain, funding_available, brands_built, linkedin_link) values ('UUID_9', '1234567890', 'Domain_9', 'FundingAvailable_4', 'BrandsBuilt_4', 'LinkedinLink_9');
INSERT INTO INVESTOR (uuid, phone_number, domain, funding_available, brands_built, linkedin_link) values ('UUID_10', '1234567890', 'Domain_10', 'FundingAvailable_5', 'BrandsBuilt_5', 'LinkedinLink_10');
